Record_ID,Date,Description,Amount,Type,Fraud_Label
C0001,2026-03-23,Salary Credit,2117,Credit,0
C0002,2026-01-18,Vendor Payment,36085,Debit,1
C0003,2026-01-05,Amazon Purchase,6654,Debit,0
C0004,2026-03-19,Amazon Purchase,186405,Debit,1
C0005,2026-01-29,Water Bill,39118,Credit,0
C0006,2026-04-07,Client Payment,10963,Credit,0
C0007,2026-01-20,ATM Withdrawal,22559,Debit,0
C0008,2026-02-18,Salary Credit,96104,Credit,1
C0009,2026-04-14,Amazon Purchase,96646,Credit,1
C0010,2026-04-29,Google Subscription,22656,Credit,1
C0011,2026-03-15,ATM Withdrawal,46674,Debit,0
C0012,2026-03-26,ATM Withdrawal,19427,Debit,0
C0013,2026-02-18,Flipkart Purchase,30211,Credit,0
C0014,2026-02-15,ATM Withdrawal,44420,Credit,0
C0015,2026-03-19,Office Supplies,11724,Debit,0
C0016,2026-02-21,Flipkart Purchase,42443,Debit,0
C0017,2026-04-09,Client Payment,4165,Debit,0
C0018,2026-04-14,Interest Credit,26790,Credit,0
C0019,2026-01-28,Loan EMI,37703,Credit,0
C0020,2026-03-05,Google Subscription,42612,Credit,0
C0021,2026-01-18,ATM Withdrawal,246615,Credit,1
C0022,2026-04-25,Netflix Subscription,26642,Credit,0
C0023,2026-03-07,Water Bill,6457,Debit,0
C0024,2026-01-20,Office Supplies,21968,Credit,1
C0025,2026-02-19,Google Subscription,158208,Credit,1
C0026,2026-03-12,Insurance Premium,5008,Debit,1
C0027,2026-04-09,Office Supplies,22793,Debit,0
C0028,2026-01-21,Water Bill,2136,Credit,1
C0029,2026-03-06,Loan EMI,22419,Credit,1
C0030,2026-01-20,Interest Credit,44348,Debit,1
C0031,2026-03-02,Amazon Purchase,7831,Credit,0
C0032,2026-01-08,ATM Withdrawal,37682,Debit,0
C0033,2026-04-04,Water Bill,5069,Debit,0
C0034,2026-03-02,Petrol Pump,56605,Credit,1
C0035,2026-01-28,Loan EMI,35843,Debit,0
C0036,2026-03-27,Office Supplies,124860,Credit,1
C0037,2026-01-13,ATM Withdrawal,15225,Debit,0
C0038,2026-03-17,Petrol Pump,15580,Debit,0
C0039,2026-01-10,Vendor Payment,41817,Debit,0
C0040,2026-04-26,Amazon Purchase,66462,Debit,1
C0041,2026-02-05,Office Supplies,96936,Debit,1
C0042,2026-04-03,Loan EMI,37973,Credit,0
C0043,2026-03-02,Client Payment,27177,Debit,0
C0044_DUP,2026-01-13,Office Supplies,28749,Credit,0
C0044,2026-01-13,Office Supplies,28749,Credit,0
C0045,2026-02-22,Water Bill,48280,Debit,0
C0046,2026-01-08,Google Subscription,48224,Credit,0
C0047,2026-02-01,ATM Withdrawal,12969,Credit,0
C0048,2026-01-24,Flipkart Purchase,30818,Debit,0
C0049,2026-02-26,Client Payment,36566,Debit,0
C0050,2026-03-25,Petrol Pump,1438,Debit,0
C0051_DUP,2026-02-22,Water Bill,32046,Debit,0
C0051,2026-02-22,Water Bill,32046,Debit,0
C0052,2026-04-26,Amazon Purchase,11289,Credit,0
C0053_DUP,2026-02-19,Flipkart Purchase,30319,Credit,0
C0053,2026-02-19,Flipkart Purchase,30319,Credit,0
C0054,2026-03-31,Vendor Payment,36896,Credit,0
C0055,2026-02-04,ATM Withdrawal,4332,Debit,0
C0056,2026-01-07,Netflix Subscription,31746,Debit,0
C0057,2026-03-07,Salary Credit,25356,Debit,1
C0058,2026-03-28,Insurance Premium,15914,Credit,0
C0059,2026-05-01,Loan EMI,75668,Debit,1
C0060,2026-03-19,Salary Credit,27974,Credit,0
C0061,2026-03-27,Vendor Payment,21090,Debit,0
C0062_DUP,2026-01-17,Office Supplies,42803,Credit,0
C0062,2026-01-17,Office Supplies,42803,Credit,0
C0063,2026-02-10,Loan EMI,49774,Debit,0
C0064,2026-02-28,Netflix Subscription,37396,Debit,0
C0065,2026-03-10,ATM Withdrawal,33647,Credit,0
C0066,2026-04-21,Salary Credit,16509,Credit,0
C0067,2026-02-26,Insurance Premium,72200,Credit,1
C0068,2026-03-27,Insurance Premium,36846,Credit,0
C0069,2026-05-01,Loan EMI,9300,Credit,0
C0070,2026-04-23,Salary Credit,49155,Debit,0
C0071,2026-03-19,ATM Withdrawal,47566,Credit,0
C0072,2026-03-26,Insurance Premium,17800,Credit,0
C0073,2026-01-04,Salary Credit,42068,Credit,0
C0074,2026-01-01,Interest Credit,9117,Credit,0
C0075,2026-02-26,Petrol Pump,93492,Credit,1
C0076,2026-01-15,Salary Credit,91572,Debit,1
C0077_DUP,2026-04-17,Interest Credit,38675,Debit,0
C0077,2026-04-17,Interest Credit,38675,Debit,0
C0078,2026-01-17,Amazon Purchase,20702,Credit,0
C0079,2026-04-26,Interest Credit,14267,Debit,0
C0080,2026-02-15,Client Payment,111576,Credit,1
C0081,2026-04-29,Loan EMI,16016,Debit,0
C0082_DUP,2026-01-04,Electricity Bill,48771,Credit,0
C0082,2026-01-04,Electricity Bill,48771,Credit,0
C0083,2026-04-11,Office Supplies,48672,Debit,0
C0084,2026-04-11,Vendor Payment,7584,Credit,0
C0085_DUP,2026-04-20,Water Bill,15077,Debit,0
C0085,2026-04-20,Water Bill,15077,Debit,0
C0086,2026-02-14,Flipkart Purchase,15415,Debit,0
C0087,2026-03-29,ATM Withdrawal,26613,Credit,0
C0088,2026-01-09,Client Payment,93960,Credit,1
C0089,2026-03-28,Insurance Premium,35641,Credit,0
C0090,2026-01-15,Loan EMI,70472,Debit,1
C0091,2026-01-07,Salary Credit,39596,Credit,0
C0092_DUP,2026-04-11,Interest Credit,29099,Debit,0
C0092,2026-04-11,Interest Credit,29099,Debit,0
C0093,2026-04-26,Netflix Subscription,12957,Credit,0
C0094,2026-04-01,Google Subscription,610,Debit,0
C0095,2026-01-09,Office Supplies,22139,Credit,0
C0096_DUP,2026-04-03,Loan EMI,20181,Credit,0
C0096,2026-04-03,Loan EMI,20181,Credit,0
C0097,2026-02-11,Google Subscription,138576,Credit,1
C0098,2026-01-25,Google Subscription,44104,Credit,0
C0099,2026-03-13,Flipkart Purchase,27112,Debit,0
C0100_DUP,2026-01-27,Google Subscription,38509,Credit,0
C0100,2026-01-27,Google Subscription,38509,Credit,0
C0101,2026-02-26,Water Bill,223885,Debit,1
C0102,2026-04-12,Loan EMI,48731,Debit,0
C0103,2026-02-06,Petrol Pump,44006,Credit,0
C0104,2026-04-15,Client Payment,15867,Credit,0
C0105_DUP,2026-01-19,Amazon Purchase,3528,Debit,0
C0105,2026-01-19,Amazon Purchase,3528,Debit,0
C0106_DUP,2026-03-20,Insurance Premium,5272,Credit,0
C0106,2026-03-20,Insurance Premium,5272,Credit,0
C0107_DUP,2026-04-24,Office Supplies,38227,Debit,0
C0107,2026-04-24,Office Supplies,38227,Debit,0
C0108,2026-03-05,Google Subscription,16489,Debit,0
C0109,2026-04-25,Client Payment,7457,Credit,0
C0110,2026-04-13,Vendor Payment,34444,Credit,0
C0111,2026-03-13,ATM Withdrawal,8462,Credit,0
C0112_DUP,2026-03-27,Petrol Pump,37129,Credit,0
C0112,2026-03-27,Petrol Pump,37129,Credit,0
C0113,2026-03-20,Insurance Premium,238190,Credit,1
C0114_DUP,2026-04-25,Electricity Bill,49236,Credit,0
C0114,2026-04-25,Electricity Bill,49236,Credit,0
C0115,2026-02-03,Client Payment,83515,Credit,1
C0116,2026-03-22,ATM Withdrawal,18496,Credit,0
C0117,2026-04-01,Flipkart Purchase,15867,Credit,0
C0118,2026-04-25,Petrol Pump,5759,Debit,0
C0119,2026-02-19,Vendor Payment,10514,Debit,0
C0120_DUP,2026-02-23,Google Subscription,22184,Credit,0
C0120,2026-02-23,Google Subscription,22184,Credit,0
C0121,2026-01-08,ATM Withdrawal,56068,Credit,1
C0122_DUP,2026-04-20,Loan EMI,38228,Credit,0
C0122,2026-04-20,Loan EMI,38228,Credit,0
C0123_DUP,2026-01-01,Interest Credit,20069,Credit,0
C0123,2026-01-01,Interest Credit,20069,Credit,0
C0124_DUP,2026-03-10,Vendor Payment,48644,Debit,0
C0124,2026-03-10,Vendor Payment,48644,Debit,0
C0125,2026-01-29,Flipkart Purchase,29062,Credit,0
C0126,2026-02-19,Interest Credit,44344,Credit,0
C0127_DUP,2026-04-28,Electricity Bill,41280,Debit,0
C0127,2026-04-28,Electricity Bill,41280,Debit,0
C0128,2026-03-17,Netflix Subscription,43950,Debit,0
C0129,2026-03-24,Google Subscription,9349,Credit,0
C0130_DUP,2026-02-03,Google Subscription,21953,Debit,0
C0130,2026-02-03,Google Subscription,21953,Debit,0
C0131_DUP,2026-02-11,Interest Credit,25346,Credit,0
C0131,2026-02-11,Interest Credit,25346,Credit,0
C0132,2026-02-02,Insurance Premium,5867,Credit,0
C0133,2026-04-06,Petrol Pump,3946,Credit,0
C0134,2026-01-09,Client Payment,43213,Debit,0
C0135,2026-02-01,ATM Withdrawal,1801,Debit,0
C0136_DUP,2026-03-02,Office Supplies,7996,Debit,0
C0136,2026-03-02,Office Supplies,7996,Debit,0
C0137,2026-03-31,Flipkart Purchase,49350,Debit,1
C0138,2026-04-10,Insurance Premium,11232,Credit,0
C0139_DUP,2026-03-16,Amazon Purchase,20944,Credit,0
C0139,2026-03-16,Amazon Purchase,20944,Credit,0
C0140,2026-05-01,Vendor Payment,40491,Debit,1
C0141,2026-01-14,Vendor Payment,40528,Debit,1
C0142,2026-02-14,Petrol Pump,28574,Credit,0
C0143_DUP,2026-03-06,Office Supplies,22862,Debit,0
C0143,2026-03-06,Office Supplies,22862,Debit,0
C0144,2026-04-18,Water Bill,7416,Credit,0
C0145_DUP,2026-04-25,Insurance Premium,30629,Debit,0
C0145,2026-04-25,Insurance Premium,30629,Debit,0
C0146,2026-01-23,Vendor Payment,173465,Credit,1
C0147,2026-03-04,Google Subscription,48408,Credit,0
C0148_DUP,2026-02-01,Insurance Premium,6179,Credit,0
C0148,2026-02-01,Insurance Premium,6179,Credit,0
C0149,2026-01-29,Client Payment,30955,Credit,0
C0150_DUP,2026-03-05,Insurance Premium,21800,Debit,0
C0150,2026-03-05,Insurance Premium,21800,Debit,0
C0151,2026-01-29,Interest Credit,17431,Credit,0
C0152,2026-03-31,Loan EMI,55815,Debit,1
C0153_DUP,2026-01-11,ATM Withdrawal,47690,Credit,0
C0153,2026-01-11,ATM Withdrawal,47690,Credit,0
C0154_DUP,2026-03-13,Client Payment,16249,Credit,0
C0154,2026-03-13,Client Payment,16249,Credit,0
C0155,2026-02-25,Client Payment,1630,Debit,0
C0156,2026-02-21,Vendor Payment,65780,Credit,1
C0157_DUP,2026-03-02,Petrol Pump,35294,Credit,0
C0157,2026-03-02,Petrol Pump,35294,Credit,0
C0158_DUP,2026-04-06,Petrol Pump,22178,Credit,0
C0158,2026-04-06,Petrol Pump,22178,Credit,0
C0159,2026-02-04,Flipkart Purchase,16975,Debit,0
C0160,2026-04-03,ATM Withdrawal,63537,Debit,1
C0161,2026-01-27,ATM Withdrawal,48905,Credit,0
C0162,2026-03-17,Client Payment,34882,Credit,0
C0163,2026-04-15,ATM Withdrawal,19914,Debit,0
C0164,2026-02-05,Amazon Purchase,46900,Debit,0
C0165_DUP,2026-01-07,Petrol Pump,19645,Debit,0
C0165,2026-01-07,Petrol Pump,19645,Debit,0
C0166_DUP,2026-01-14,Insurance Premium,1303,Credit,0
C0166,2026-01-14,Insurance Premium,1303,Credit,0
C0167,2026-03-03,Water Bill,22828,Debit,0
C0168,2026-02-02,Insurance Premium,31808,Debit,0
C0169,2026-02-21,Water Bill,5324,Debit,0
C0170,2026-04-14,Netflix Subscription,20377,Debit,0
C0171,2026-03-13,Client Payment,138870,Debit,1
C0172,2026-02-27,Loan EMI,147570,Credit,1
C0173,2026-02-09,Netflix Subscription,82398,Debit,1
C0174,2026-04-10,ATM Withdrawal,41493,Debit,0
C0175,2026-01-11,Electricity Bill,32438,Debit,1
C0176,2026-01-21,Amazon Purchase,136360,Credit,1
C0177,2026-02-09,Amazon Purchase,15670,Credit,0
C0178,2026-04-24,Water Bill,5164,Debit,0
C0179_DUP,2026-04-12,Office Supplies,39152,Debit,0
C0179,2026-04-12,Office Supplies,39152,Debit,0
C0180,2026-01-18,Petrol Pump,15233,Debit,0
C0181,2026-01-20,Salary Credit,4408,Debit,0
C0182_DUP,2026-04-06,Insurance Premium,37803,Credit,0
C0182,2026-04-06,Insurance Premium,37803,Credit,0
C0183_DUP,2026-01-16,Water Bill,45633,Credit,0
C0183,2026-01-16,Water Bill,45633,Credit,0
C0184_DUP,2026-05-01,Flipkart Purchase,33298,Credit,0
C0184,2026-05-01,Flipkart Purchase,33298,Credit,0
C0185,2026-01-12,Netflix Subscription,3112,Credit,0
C0186,2026-02-02,Amazon Purchase,12970,Debit,1
C0187,2026-04-08,Office Supplies,18172,Debit,0
C0188,2026-03-08,Office Supplies,29505,Credit,0
C0189_DUP,2026-02-25,Office Supplies,32725,Debit,0
C0189,2026-02-25,Office Supplies,32725,Debit,0
C0190,2026-02-14,Google Subscription,22343,Credit,0
C0191_DUP,2026-04-20,Electricity Bill,22114,Credit,0
C0191,2026-04-20,Electricity Bill,22114,Credit,0
C0192_DUP,2026-02-06,Office Supplies,26744,Debit,0
C0192,2026-02-06,Office Supplies,26744,Debit,0
C0193,2026-01-12,Interest Credit,17041,Credit,0
C0194,2026-04-09,Google Subscription,171120,Debit,1
C0195,2026-02-22,Amazon Purchase,63965,Credit,1
C0196,2026-03-23,Water Bill,3882,Debit,0
C0197_DUP,2026-01-17,Loan EMI,19376,Credit,0
C0197,2026-01-17,Loan EMI,19376,Credit,0
C0198,2026-01-16,Amazon Purchase,41778,Debit,0
C0199,2026-03-12,Amazon Purchase,36692,Credit,0
C0200,2026-01-29,Insurance Premium,7935,Credit,0
C0201,2026-03-25,Insurance Premium,10590,Credit,0
C0202_DUP,2026-04-01,Flipkart Purchase,27729,Credit,0
C0202,2026-04-01,Flipkart Purchase,27729,Credit,0
C0203_DUP,2026-02-01,Water Bill,36627,Debit,0
C0203,2026-02-01,Water Bill,36627,Debit,0
C0204,2026-01-25,Loan EMI,39780,Debit,0
C0205,2026-02-05,Client Payment,110772,Credit,1
C0206,2026-04-16,Amazon Purchase,95180,Credit,1
C0207,2026-04-20,Electricity Bill,29764,Credit,0
C0208_DUP,2026-03-12,Client Payment,36114,Credit,0
C0208,2026-03-12,Client Payment,36114,Credit,0
C0209,2026-04-30,Interest Credit,64315,Debit,1
C0210,2026-02-01,Insurance Premium,27420,Debit,0
C0211,2026-03-02,Vendor Payment,25497,Credit,0
C0212,2026-01-05,Electricity Bill,33418,Credit,0
C0213,2026-04-22,Insurance Premium,146775,Debit,1
C0214,2026-01-02,Vendor Payment,9906,Credit,0
C0215,2026-03-02,Client Payment,89340,Credit,1
C0216,2026-03-27,Salary Credit,22032,Credit,0
C0217,2026-04-02,Loan EMI,64956,Debit,1
C0218,2026-01-31,Office Supplies,45397,Credit,0
C0219_DUP,2026-01-12,Google Subscription,6951,Debit,0
C0219,2026-01-12,Google Subscription,6951,Debit,0
C0220,2026-01-22,Vendor Payment,20125,Debit,0
C0221,2026-02-10,Client Payment,4177,Credit,0
C0222,2026-02-25,Electricity Bill,49509,Credit,1
C0223,2026-01-22,Electricity Bill,17025,Credit,1
C0224,2026-03-05,Loan EMI,38726,Debit,0
C0225,2026-03-23,Flipkart Purchase,30618,Credit,0
C0226,2026-04-26,Client Payment,92970,Credit,1
C0227_DUP,2026-01-10,Water Bill,23146,Credit,0
C0227,2026-01-10,Water Bill,23146,Credit,0
C0228,2026-03-30,Flipkart Purchase,30438,Credit,0
C0229_DUP,2026-04-20,Water Bill,7489,Debit,0
C0229,2026-04-20,Water Bill,7489,Debit,0
C0230,2026-03-12,Interest Credit,38170,Credit,0
C0231,2026-04-17,Office Supplies,26439,Credit,0
C0232,2026-03-14,Insurance Premium,227220,Debit,1
C0233,2026-04-17,Loan EMI,77024,Debit,1
C0234,2026-01-29,Office Supplies,12990,Credit,0
C0235,2026-01-16,Loan EMI,41621,Debit,0
C0236,2026-02-26,Amazon Purchase,38443,Credit,0
C0237,2026-04-27,Flipkart Purchase,21886,Credit,0
C0238,2026-01-17,Client Payment,143400,Credit,1
C0239,2026-04-19,Electricity Bill,17340,Credit,0
C0240,2026-04-22,Interest Credit,8047,Credit,0
C0241,2026-01-19,Client Payment,61140,Credit,1
C0242,2026-01-13,Client Payment,26358,Debit,0
C0243,2026-01-16,Water Bill,123275,Credit,1
C0244,2026-04-16,Office Supplies,24854,Debit,0
C0245,2026-01-04,Netflix Subscription,111876,Credit,1
C0246,2026-03-26,Salary Credit,42141,Credit,0
C0247,2026-02-22,Salary Credit,9660,Debit,0
C0248,2026-02-08,Water Bill,8128,Debit,0
C0249,2026-01-18,Google Subscription,151145,Credit,1
C0250_DUP,2026-03-17,Vendor Payment,48118,Debit,0
C0250,2026-03-17,Vendor Payment,48118,Debit,0
C0251,2026-03-22,Salary Credit,32569,Credit,0
C0252_DUP,2026-03-30,Interest Credit,14738,Credit,0
C0252,2026-03-30,Interest Credit,14738,Credit,0
C0253,2026-02-01,Insurance Premium,24268,Debit,0
C0254_DUP,2026-04-26,Office Supplies,24006,Debit,0
C0254,2026-04-26,Office Supplies,24006,Debit,0
C0255,2026-02-05,ATM Withdrawal,8505,Credit,0
C0256,2026-03-26,ATM Withdrawal,42554,Debit,0
C0257,2026-04-11,Interest Credit,49386,Debit,1
C0258,2026-01-09,Insurance Premium,110460,Debit,1
C0259,2026-04-15,Insurance Premium,15819,Credit,0
C0260,2026-04-26,Netflix Subscription,651,Credit,0
C0261,2026-03-11,Flipkart Purchase,11935,Debit,0
C0262,2026-01-17,Amazon Purchase,95908,Debit,1
C0263,2026-01-03,Electricity Bill,17935,Debit,0
C0264_DUP,2026-02-23,Petrol Pump,7948,Debit,0
C0264,2026-02-23,Petrol Pump,7948,Debit,0
C0265_DUP,2026-02-27,Client Payment,24226,Debit,0
C0265,2026-02-27,Client Payment,24226,Debit,0
C0266,2026-03-06,ATM Withdrawal,163244,Debit,1
C0267_DUP,2026-02-28,Office Supplies,2541,Debit,0
C0267,2026-02-28,Office Supplies,2541,Debit,0
C0268_DUP,2026-04-19,Google Subscription,28436,Debit,0
C0268,2026-04-19,Google Subscription,28436,Debit,0
C0269,2026-04-02,Loan EMI,29569,Debit,0
C0270,2026-02-11,Netflix Subscription,10206,Debit,0
C0271_DUP,2026-03-21,Office Supplies,38862,Credit,0
C0271,2026-03-21,Office Supplies,38862,Credit,0
C0272,2026-03-18,Petrol Pump,99130,Credit,1
C0273,2026-01-13,Client Payment,139473,Debit,1
C0274,2026-02-28,Water Bill,15474,Credit,0
C0275,2026-02-28,Google Subscription,27762,Debit,0
C0276,2026-02-10,Office Supplies,17241,Credit,0
C0277,2026-04-29,Water Bill,4899,Debit,0
C0278,2026-01-12,Google Subscription,6849,Credit,0
C0279,2026-01-08,Netflix Subscription,37304,Credit,0
C0280,2026-02-22,Interest Credit,44103,Credit,0
C0281,2026-02-06,Netflix Subscription,20976,Credit,0
C0282_DUP,2026-03-15,Petrol Pump,14442,Debit,0
C0282,2026-03-15,Petrol Pump,14442,Debit,0
C0283,2026-01-29,Insurance Premium,30368,Credit,1
C0284_DUP,2026-01-15,Client Payment,18756,Debit,0
C0284,2026-01-15,Client Payment,18756,Debit,0
C0285,2026-04-19,Petrol Pump,164980,Debit,1
C0286,2026-01-03,Electricity Bill,18409,Credit,0
C0287,2026-01-01,Electricity Bill,9888,Credit,0
C0288,2026-01-19,Vendor Payment,41995,Debit,0
C0289_DUP,2026-04-06,Petrol Pump,14598,Credit,0
C0289,2026-04-06,Petrol Pump,14598,Credit,0
C0290,2026-03-02,Interest Credit,10815,Credit,0
C0291,2026-02-11,Client Payment,37697,Debit,0
C0292,2026-01-20,Electricity Bill,49942,Debit,0
C0293_DUP,2026-02-04,Water Bill,43880,Credit,0
C0293,2026-02-04,Water Bill,43880,Credit,0
C0294,2026-03-19,Water Bill,27689,Credit,0
C0295,2026-03-07,Salary Credit,23121,Credit,0
C0296,2026-02-06,Office Supplies,179860,Credit,1
C0297,2026-01-06,ATM Withdrawal,26403,Debit,0
C0298,2026-01-26,Flipkart Purchase,14343,Debit,0
C0299_DUP,2026-02-11,Salary Credit,1006,Credit,0
C0299,2026-02-11,Salary Credit,1006,Credit,0
C0300,2026-01-23,Electricity Bill,101668,Debit,1
C0301_DUP,2026-01-10,Google Subscription,49130,Debit,0
C0301,2026-01-10,Google Subscription,49130,Debit,0
C0302,2026-01-03,Water Bill,28010,Credit,1
C0303,2026-03-12,Google Subscription,46997,Credit,0
C0304,2026-02-21,Amazon Purchase,108920,Debit,1
C0305_DUP,2026-04-17,Vendor Payment,24214,Debit,0
C0305,2026-04-17,Vendor Payment,24214,Debit,0
C0306,2026-04-19,Salary Credit,82225,Credit,1
C0307,2026-03-07,Salary Credit,26436,Credit,0
C0308,2026-02-12,Client Payment,23036,Debit,1
C0309,2026-03-11,Petrol Pump,13207,Credit,0
C0310,2026-04-15,Office Supplies,10179,Debit,0
C0311,2026-01-19,Flipkart Purchase,40284,Debit,1
C0312,2026-04-08,Client Payment,43507,Debit,0
C0313,2026-03-22,Water Bill,123620,Credit,1
C0314_DUP,2026-04-21,Office Supplies,21218,Debit,0
C0314,2026-04-21,Office Supplies,21218,Debit,0
C0315,2026-01-10,Water Bill,29480,Credit,0
C0316,2026-01-08,Interest Credit,33748,Debit,0
C0317,2026-02-24,Amazon Purchase,4228,Credit,0
C0318_DUP,2026-03-24,Insurance Premium,6417,Credit,0
C0318,2026-03-24,Insurance Premium,6417,Credit,0
C0319_DUP,2026-03-16,Petrol Pump,48925,Debit,0
C0319,2026-03-16,Petrol Pump,48925,Debit,0
C0320,2026-04-28,Client Payment,37964,Debit,0
C0321_DUP,2026-03-02,Petrol Pump,10386,Debit,0
C0321,2026-03-02,Petrol Pump,10386,Debit,0
C0322,2026-01-14,Client Payment,69021,Debit,1
C0323_DUP,2026-01-06,ATM Withdrawal,46874,Credit,0
C0323,2026-01-06,ATM Withdrawal,46874,Credit,0
C0324,2026-03-08,Petrol Pump,40464,Debit,0
C0325,2026-04-30,Flipkart Purchase,25889,Credit,0
C0326,2026-03-18,Amazon Purchase,41845,Credit,0
C0327,2026-02-11,Salary Credit,37066,Credit,0
C0328,2026-03-31,Insurance Premium,43528,Debit,0
C0329,2026-03-18,Office Supplies,9768,Credit,0
C0330,2026-03-31,Office Supplies,52374,Debit,1
C0331,2026-02-09,Petrol Pump,25221,Credit,0
C0332_DUP,2026-03-31,Insurance Premium,48916,Debit,0
C0332,2026-03-31,Insurance Premium,48916,Debit,0
C0333,2026-03-05,Interest Credit,1694,Credit,0
C0334,2026-01-28,Interest Credit,32335,Debit,0
C0335,2026-01-20,Salary Credit,39770,Debit,1
C0336,2026-03-26,Interest Credit,205015,Debit,1
C0337_DUP,2026-01-20,Electricity Bill,12351,Debit,0
C0337,2026-01-20,Electricity Bill,12351,Debit,0
C0338_DUP,2026-01-06,Google Subscription,24374,Debit,0
C0338,2026-01-06,Google Subscription,24374,Debit,0
C0339,2026-03-20,Flipkart Purchase,49826,Credit,0
C0340,2026-02-02,Flipkart Purchase,31237,Debit,0
C0341_DUP,2026-03-15,Water Bill,30756,Credit,0
C0341,2026-03-15,Water Bill,30756,Credit,0
C0342,2026-03-06,Petrol Pump,27964,Debit,0
C0343_DUP,2026-01-18,Insurance Premium,16884,Debit,0
C0343,2026-01-18,Insurance Premium,16884,Debit,0
C0344,2026-04-22,Interest Credit,73684,Debit,1
C0345_DUP,2026-02-06,Salary Credit,11006,Credit,0
C0345,2026-02-06,Salary Credit,11006,Credit,0
C0346,2026-04-26,Petrol Pump,10156,Credit,0
C0347,2026-04-27,ATM Withdrawal,30065,Credit,0
C0348,2026-02-23,Amazon Purchase,26481,Credit,0
C0349,2026-01-08,Interest Credit,15215,Debit,0
C0350,2026-04-18,Vendor Payment,43062,Credit,0
C0351_DUP,2026-01-05,Flipkart Purchase,31462,Debit,0
C0351,2026-01-05,Flipkart Purchase,31462,Debit,0
C0352,2026-02-27,Netflix Subscription,844,Debit,0
C0353,2026-02-02,ATM Withdrawal,10298,Credit,0
C0354,2026-04-10,Flipkart Purchase,16073,Credit,0
C0355,2026-01-07,ATM Withdrawal,28013,Credit,0
C0356,2026-01-15,Insurance Premium,99768,Debit,1
C0357,2026-04-02,Electricity Bill,19588,Credit,0
C0358,2026-03-20,Interest Credit,16300,Credit,0
C0359,2026-03-27,Salary Credit,34807,Credit,0
C0360_DUP,2026-03-09,Petrol Pump,33748,Debit,0
C0360,2026-03-09,Petrol Pump,33748,Debit,0
C0361,2026-04-21,Water Bill,3353,Credit,0
C0362,2026-04-04,Amazon Purchase,23902,Debit,0
C0363,2026-04-04,Office Supplies,166692,Debit,1
C0364,2026-01-18,Amazon Purchase,23637,Credit,0
C0365,2026-03-29,Water Bill,46040,Credit,0
C0366,2026-01-07,Vendor Payment,30494,Debit,0
C0367,2026-01-05,Client Payment,13572,Debit,0
C0368,2026-03-04,Google Subscription,36088,Credit,0
C0369,2026-04-10,Office Supplies,13024,Credit,0
C0370,2026-04-07,Amazon Purchase,43474,Credit,0
C0371_DUP,2026-04-13,Interest Credit,29136,Credit,0
C0371,2026-04-13,Interest Credit,29136,Credit,0
C0372_DUP,2026-04-25,Google Subscription,22719,Debit,0
C0372,2026-04-25,Google Subscription,22719,Debit,0
C0373,2026-03-30,Water Bill,24574,Credit,0
C0374,2026-04-04,Google Subscription,17016,Credit,1
C0375,2026-03-11,Flipkart Purchase,21550,Debit,0
C0376_DUP,2026-02-11,Office Supplies,19875,Credit,0
C0376,2026-02-11,Office Supplies,19875,Credit,0
C0377_DUP,2026-03-19,Vendor Payment,28425,Debit,0
C0377,2026-03-19,Vendor Payment,28425,Debit,0
C0378,2026-02-14,Water Bill,16375,Credit,1
C0379_DUP,2026-02-05,Office Supplies,4259,Debit,0
C0379,2026-02-05,Office Supplies,4259,Debit,0
C0380,2026-02-16,Petrol Pump,49645,Debit,0
C0381,2026-01-19,Insurance Premium,40317,Credit,0
C0382,2026-01-17,Salary Credit,15966,Credit,0
C0383_DUP,2026-03-14,Amazon Purchase,40155,Debit,0
C0383,2026-03-14,Amazon Purchase,40155,Debit,0
C0384,2026-02-17,Interest Credit,88782,Debit,1
C0385,2026-03-07,Interest Credit,26585,Credit,0
C0386_DUP,2026-01-15,Amazon Purchase,48713,Debit,0
C0386,2026-01-15,Amazon Purchase,48713,Debit,0
C0387,2026-03-11,Google Subscription,37309,Debit,0
C0388,2026-02-03,Vendor Payment,118984,Debit,1
C0389,2026-03-30,Loan EMI,32691,Debit,0
C0390,2026-01-18,Insurance Premium,5394,Credit,0
C0391,2026-02-28,Salary Credit,45190,Credit,0
C0392,2026-01-12,Petrol Pump,36031,Credit,0
C0393,2026-01-22,Vendor Payment,47001,Debit,0
C0394,2026-01-29,Salary Credit,13684,Debit,0
C0395_DUP,2026-01-04,Interest Credit,36808,Credit,0
C0395,2026-01-04,Interest Credit,36808,Credit,0
C0396,2026-04-13,Petrol Pump,9004,Debit,0
C0397,2026-02-09,Google Subscription,237420,Credit,1
C0398,2026-04-09,Google Subscription,38166,Debit,0
C0399,2026-03-24,Salary Credit,119956,Credit,1
C0400,2026-01-17,Loan EMI,36635,Debit,0
C0401,2026-03-06,Loan EMI,12393,Debit,1
C0402,2026-02-08,Electricity Bill,11108,Credit,0
C0403,2026-04-29,Petrol Pump,19115,Debit,0
C0404,2026-03-24,Petrol Pump,18486,Debit,0
C0405,2026-03-10,Salary Credit,100308,Debit,1
C0406,2026-01-22,Office Supplies,82850,Credit,1
C0407,2026-04-16,Insurance Premium,2359,Debit,0
C0408,2026-03-24,Client Payment,38347,Credit,0
C0409_DUP,2026-03-15,Google Subscription,41008,Debit,0
C0409,2026-03-15,Google Subscription,41008,Debit,0
C0410,2026-04-24,Office Supplies,36254,Credit,0
C0411,2026-02-01,Client Payment,45391,Credit,0
C0412_DUP,2026-01-10,Vendor Payment,4426,Debit,0
C0412,2026-01-10,Vendor Payment,4426,Debit,0
C0413,2026-02-24,Water Bill,30937,Debit,0
C0414,2026-01-19,Interest Credit,47578,Credit,0
C0415,2026-01-15,Client Payment,24783,Debit,0
C0416,2026-03-01,Salary Credit,17997,Credit,0
C0417,2026-01-13,Amazon Purchase,97595,Credit,1
C0418,2026-02-01,Insurance Premium,43864,Credit,1
C0419,2026-01-25,Client Payment,54710,Credit,1
C0420,2026-03-05,Loan EMI,20720,Credit,0
C0421,2026-01-12,Google Subscription,33601,Credit,0
C0422,2026-03-16,Interest Credit,3688,Debit,0
C0423,2026-03-19,Loan EMI,43377,Credit,0
C0424,2026-01-02,Insurance Premium,7527,Credit,0
C0425,2026-04-04,Interest Credit,26927,Credit,0
C0426,2026-02-22,Amazon Purchase,37873,Debit,0
C0427,2026-02-06,Salary Credit,103276,Credit,1
C0428,2026-04-16,Netflix Subscription,45052,Debit,0
C0429,2026-02-20,Interest Credit,22697,Credit,0
C0430,2026-03-19,Petrol Pump,26805,Debit,0
C0431_DUP,2026-01-05,Electricity Bill,47265,Credit,0
C0431,2026-01-05,Electricity Bill,47265,Credit,0
C0432,2026-03-09,Water Bill,10260,Debit,0
C0433,2026-02-10,Electricity Bill,105008,Credit,1
C0434,2026-03-06,Insurance Premium,135616,Credit,1
C0435,2026-03-04,Insurance Premium,1590,Credit,0
C0436,2026-01-15,Google Subscription,38753,Credit,0
C0437,2026-03-18,Water Bill,17901,Debit,0
C0438,2026-03-16,Water Bill,11711,Credit,0
C0439,2026-02-01,Amazon Purchase,37975,Debit,0
C0440_DUP,2026-02-26,Interest Credit,27945,Debit,0
C0440,2026-02-26,Interest Credit,27945,Debit,0
C0441,2026-03-30,ATM Withdrawal,27394,Credit,0
C0442,2026-04-01,Electricity Bill,137968,Debit,1
C0443,2026-03-24,Water Bill,34937,Credit,0
C0444,2026-02-28,Loan EMI,141756,Credit,1
C0445,2026-03-28,Client Payment,238730,Credit,1
C0446,2026-01-25,ATM Withdrawal,18772,Credit,0
C0447_DUP,2026-04-09,Flipkart Purchase,46696,Debit,0
C0447,2026-04-09,Flipkart Purchase,46696,Debit,0
C0448,2026-02-07,Water Bill,23359,Credit,0
C0449_DUP,2026-03-15,Office Supplies,36098,Credit,0
C0449,2026-03-15,Office Supplies,36098,Credit,0
C0450,2026-04-15,Interest Credit,10099,Credit,0
C0451_DUP,2026-02-06,Vendor Payment,5679,Credit,0
C0451,2026-02-06,Vendor Payment,5679,Credit,0
C0452,2026-03-25,Flipkart Purchase,49452,Credit,0
C0453,2026-04-16,Petrol Pump,18231,Credit,0
C0454,2026-03-20,Vendor Payment,38914,Debit,0
C0455,2026-03-27,Loan EMI,35258,Debit,0
C0456,2026-01-13,Google Subscription,22146,Credit,0
C0457,2026-03-29,Client Payment,28527,Debit,1
C0458,2026-02-22,Office Supplies,31721,Credit,0
C0459,2026-02-06,Interest Credit,19204,Debit,0
C0460,2026-03-25,Netflix Subscription,15721,Debit,0
C0461_DUP,2026-04-23,Insurance Premium,12020,Debit,0
C0461,2026-04-23,Insurance Premium,12020,Debit,0
C0462,2026-04-11,Water Bill,12710,Credit,0
C0463,2026-01-01,Flipkart Purchase,37721,Debit,0
C0464,2026-02-28,Office Supplies,36119,Credit,0
C0465,2026-02-27,Flipkart Purchase,13136,Debit,0
C0466,2026-04-04,Water Bill,42937,Credit,0
C0467,2026-04-05,Interest Credit,19862,Debit,0
C0468,2026-04-20,Office Supplies,108296,Credit,1
C0469,2026-01-12,Google Subscription,44327,Debit,0
C0470,2026-03-03,Interest Credit,16756,Debit,0
C0471,2026-01-30,Water Bill,49898,Credit,0
C0472,2026-03-18,Vendor Payment,38044,Debit,0
C0473,2026-02-16,Vendor Payment,15986,Debit,0
C0474,2026-03-01,Flipkart Purchase,43868,Credit,1
C0475,2026-03-31,Salary Credit,42358,Credit,0
C0476,2026-01-29,ATM Withdrawal,9261,Credit,0
C0477,2026-04-06,Netflix Subscription,124925,Credit,1
C0478,2026-04-07,Petrol Pump,44059,Debit,0
C0479,2026-04-07,Netflix Subscription,23460,Credit,1
C0480,2026-01-10,Loan EMI,37473,Debit,0
C0481,2026-04-17,Petrol Pump,100881,Debit,1
C0482,2026-01-22,Interest Credit,34601,Credit,0
C0483,2026-03-29,ATM Withdrawal,47483,Credit,0
C0484_DUP,2026-04-26,Petrol Pump,29695,Debit,0
C0484,2026-04-26,Petrol Pump,29695,Debit,0
C0485,2026-01-17,Petrol Pump,55450,Credit,1
C0486,2026-03-13,Water Bill,44590,Credit,0
C0487,2026-02-20,Flipkart Purchase,1394,Debit,1
C0488,2026-01-06,Google Subscription,46158,Debit,1
C0489,2026-04-30,Loan EMI,5023,Credit,0
C0490_DUP,2026-02-06,Google Subscription,12295,Debit,0
C0490,2026-02-06,Google Subscription,12295,Debit,0
C0491_DUP,2026-02-17,Loan EMI,25566,Credit,0
C0491,2026-02-17,Loan EMI,25566,Credit,0
C0492,2026-02-15,Salary Credit,45243,Debit,0
C0493,2026-01-23,Petrol Pump,26209,Debit,0
C0494,2026-04-07,Amazon Purchase,100265,Credit,1
C0495_DUP,2026-03-10,Google Subscription,15551,Debit,0
C0495,2026-03-10,Google Subscription,15551,Debit,0
C0496,2026-02-14,Electricity Bill,18564,Debit,0
C0497,2026-01-05,Client Payment,87532,Credit,1
C0498,2026-01-31,ATM Withdrawal,9818,Debit,1
C0499,2026-02-27,Netflix Subscription,44585,Debit,0
C0500,2026-01-06,Google Subscription,87801,Debit,1
C0501,2026-04-07,Insurance Premium,16796,Debit,1
C0502,2026-01-30,Insurance Premium,193760,Credit,1
C0503_DUP,2026-01-31,Flipkart Purchase,9888,Debit,0
C0503,2026-01-31,Flipkart Purchase,9888,Debit,0
C0504_DUP,2026-02-08,Flipkart Purchase,4494,Debit,0
C0504,2026-02-08,Flipkart Purchase,4494,Debit,0
C0505_DUP,2026-03-13,Water Bill,3572,Credit,0
C0505,2026-03-13,Water Bill,3572,Credit,0
C0506_DUP,2026-04-11,Petrol Pump,21388,Credit,0
C0506,2026-04-11,Petrol Pump,21388,Credit,0
C0507,2026-01-20,Flipkart Purchase,125855,Debit,1
C0508,2026-01-31,Insurance Premium,15277,Credit,0
C0509_DUP,2026-04-28,Amazon Purchase,37356,Credit,0
C0509,2026-04-28,Amazon Purchase,37356,Credit,0
C0510,2026-03-13,Petrol Pump,9269,Credit,0
C0511_DUP,2026-01-27,Interest Credit,42882,Debit,0
C0511,2026-01-27,Interest Credit,42882,Debit,0
C0512,2026-04-19,Interest Credit,6559,Debit,0
C0513,2026-02-04,Google Subscription,44649,Debit,0
C0514_DUP,2026-01-25,Client Payment,39007,Debit,0
C0514,2026-01-25,Client Payment,39007,Debit,0
C0515,2026-01-27,Insurance Premium,22321,Credit,0
C0516_DUP,2026-01-28,Loan EMI,12953,Debit,0
C0516,2026-01-28,Loan EMI,12953,Debit,0
C0517_DUP,2026-04-28,ATM Withdrawal,46088,Debit,0
C0517,2026-04-28,ATM Withdrawal,46088,Debit,0
C0518,2026-04-28,ATM Withdrawal,36681,Credit,0
C0519,2026-02-28,Petrol Pump,43014,Credit,0
C0520,2026-02-16,Petrol Pump,33089,Credit,0
C0521,2026-04-13,Vendor Payment,31265,Credit,0
C0522,2026-02-10,Google Subscription,3448,Debit,0
C0523,2026-02-01,Petrol Pump,38775,Credit,0
C0524,2026-01-26,Interest Credit,46722,Credit,1
C0525,2026-03-08,Petrol Pump,43400,Credit,0
C0526_DUP,2026-04-16,Water Bill,47919,Credit,0
C0526,2026-04-16,Water Bill,47919,Credit,0
C0527,2026-01-22,Vendor Payment,23622,Debit,0
C0528,2026-03-11,Water Bill,25122,Debit,1
C0529,2026-04-18,Insurance Premium,5371,Debit,0
C0530,2026-02-22,Electricity Bill,41833,Debit,0
C0531,2026-04-01,Electricity Bill,5495,Debit,1
C0532_DUP,2026-02-17,Amazon Purchase,40990,Credit,0
C0532,2026-02-17,Amazon Purchase,40990,Credit,0
C0533,2026-01-03,Amazon Purchase,35379,Credit,0
C0534,2026-01-03,Petrol Pump,191316,Credit,1
C0535,2026-01-03,Petrol Pump,46197,Credit,0
C0536,2026-04-28,Salary Credit,34840,Debit,0
C0537,2026-03-24,Petrol Pump,17042,Credit,0
C0538_DUP,2026-02-20,Salary Credit,24948,Credit,0
C0538,2026-02-20,Salary Credit,24948,Credit,0
C0539,2026-03-16,ATM Withdrawal,46194,Debit,0
C0540,2026-04-16,Insurance Premium,5783,Debit,0
C0541,2026-02-21,Google Subscription,25218,Credit,0
C0542,2026-03-23,Amazon Purchase,46561,Debit,0
C0543,2026-03-05,Insurance Premium,57872,Credit,1
C0544,2026-04-25,Petrol Pump,3326,Debit,0
C0545,2026-04-24,Netflix Subscription,31662,Credit,0
C0546,2026-04-29,Salary Credit,90708,Credit,1
C0547,2026-01-23,Loan EMI,21135,Debit,0
C0548,2026-01-19,Client Payment,47208,Credit,0
C0549,2026-02-08,Electricity Bill,187295,Debit,1
C0550_DUP,2026-03-28,Loan EMI,35926,Credit,0
C0550,2026-03-28,Loan EMI,35926,Credit,0
C0551,2026-04-07,Vendor Payment,38684,Debit,1
C0552,2026-01-07,Salary Credit,29145,Debit,0
C0553,2026-02-10,Netflix Subscription,40730,Credit,0
C0554,2026-03-23,Flipkart Purchase,30022,Credit,0
C0555,2026-03-12,Google Subscription,144005,Debit,1
C0556,2026-01-11,Client Payment,41082,Credit,0
C0557_DUP,2026-01-10,Salary Credit,18061,Debit,0
C0557,2026-01-10,Salary Credit,18061,Debit,0
C0558_DUP,2026-04-02,Client Payment,42043,Debit,0
C0558,2026-04-02,Client Payment,42043,Debit,0
C0559,2026-02-10,Interest Credit,7482,Debit,0
C0560,2026-04-28,Flipkart Purchase,29646,Credit,0
C0561_DUP,2026-01-17,Salary Credit,12780,Credit,0
C0561,2026-01-17,Salary Credit,12780,Credit,0
C0562,2026-03-13,Petrol Pump,34083,Credit,0
C0563,2026-01-04,Salary Credit,94776,Debit,1
C0564_DUP,2026-04-21,Google Subscription,1308,Credit,0
C0564,2026-04-21,Google Subscription,1308,Credit,0
C0565,2026-02-19,Client Payment,18150,Debit,1
C0566,2026-03-28,Google Subscription,11608,Debit,0
C0567,2026-02-04,Water Bill,10068,Debit,0
C0568,2026-02-05,Google Subscription,20144,Credit,0
C0569,2026-02-16,Flipkart Purchase,49980,Credit,1
C0570,2026-02-28,Salary Credit,9379,Credit,0
C0571,2026-02-20,Interest Credit,41144,Credit,0
C0572,2026-02-11,Google Subscription,43166,Debit,0
C0573,2026-03-17,Vendor Payment,13663,Credit,0
C0574,2026-02-20,Interest Credit,58800,Credit,1
C0575,2026-02-08,Google Subscription,18869,Credit,0
C0576,2026-04-30,Netflix Subscription,27188,Debit,1
C0577_DUP,2026-04-04,Water Bill,46923,Debit,0
C0577,2026-04-04,Water Bill,46923,Debit,0
C0578_DUP,2026-04-13,Flipkart Purchase,45905,Debit,0
C0578,2026-04-13,Flipkart Purchase,45905,Debit,0
C0579,2026-03-28,Water Bill,9603,Credit,0
C0580_DUP,2026-03-26,Electricity Bill,47373,Credit,0
C0580,2026-03-26,Electricity Bill,47373,Credit,0
C0581,2026-01-10,Water Bill,198430,Credit,1
C0582,2026-03-10,Petrol Pump,91662,Credit,1
C0583,2026-04-12,Interest Credit,46482,Debit,0
C0584,2026-04-09,ATM Withdrawal,43628,Credit,0
C0585,2026-03-23,Amazon Purchase,37411,Credit,0
C0586,2026-02-23,Salary Credit,1191,Debit,0
C0587_DUP,2026-03-07,Vendor Payment,34499,Debit,0
C0587,2026-03-07,Vendor Payment,34499,Debit,0
C0588,2026-02-14,Google Subscription,30847,Debit,0
C0589,2026-03-03,Salary Credit,19861,Credit,0
C0590,2026-01-14,Insurance Premium,48351,Debit,0
C0591,2026-02-13,Water Bill,14057,Credit,0
C0592,2026-01-10,Water Bill,47816,Credit,0
C0593,2026-02-08,Amazon Purchase,47081,Debit,0
C0594,2026-04-19,Interest Credit,43009,Debit,0
C0595,2026-02-02,Petrol Pump,11932,Debit,0
C0596,2026-02-24,Water Bill,15667,Credit,0
C0597,2026-03-23,Office Supplies,28820,Credit,0
C0598,2026-04-05,Netflix Subscription,67155,Credit,1
C0599,2026-02-19,Amazon Purchase,46670,Debit,0
C0600,2026-04-07,Vendor Payment,13800,Debit,1
